{"cameraMode":{"drawMode":0,"name":"Shaded","section":"Shading Mode"},"sceneLighting":false,"audioPlay":false,"sceneViewState":{"m_AlwaysRefresh":false,"showFog":true,"showSkybox":false,"showFlares":true,"showImageEffects":true,"showParticleSystems":true,"showVisualEffectGraphs":true,"m_FxEnabled":true},"in2DMode":false,"pivot":{"x":-13.940030097961426,"y":0.6957234740257263,"z":-18.016056060791017},"rotation":{"x":-0.12801074981689454,"y":0.21191827952861787,"z":-0.027952173724770547,"w":-0.9684960246086121},"size":1.9847756624221802,"orthographic":false}