{"cameraMode":{"drawMode":0,"name":"Shaded","section":"Shading Mode"},"sceneLighting":false,"audioPlay":false,"sceneViewState":{"m_AlwaysRefresh":false,"showFog":true,"showSkybox":false,"showFlares":true,"showImageEffects":true,"showParticleSystems":true,"showVisualEffectGraphs":true,"m_FxEnabled":true},"in2DMode":false,"pivot":{"x":-0.25230443477630618,"y":-0.5180334448814392,"z":0.517902135848999},"rotation":{"x":0.12802284955978394,"y":-0.020831959322094919,"z":0.002677334938198328,"w":0.9915730953216553},"size":1.4149837493896485,"orthographic":false}