{"cameraMode":{"drawMode":0,"name":"Shaded","section":"Shading Mode"},"sceneLighting":false,"audioPlay":false,"sceneViewState":{"m_AlwaysRefresh":false,"showFog":true,"showSkybox":false,"showFlares":true,"showImageEffects":true,"showParticleSystems":true,"showVisualEffectGraphs":true,"m_FxEnabled":true},"in2DMode":false,"pivot":{"x":0.009762465953826905,"y":1.3062946796417237,"z":-0.004873514175415039},"rotation":{"x":0.005831026937812567,"y":-0.9941719770431519,"z":0.06960234045982361,"w":0.08249624818563461},"size":1.6091877222061158,"orthographic":false}