{"cameraMode":{"drawMode":0,"name":"Shaded","section":"Shading Mode"},"sceneLighting":true,"audioPlay":false,"sceneViewState":{"m_AlwaysRefresh":false,"showFog":true,"showSkybox":false,"showFlares":true,"showImageEffects":true,"showParticleSystems":true,"showVisualEffectGraphs":true,"m_FxEnabled":true},"in2DMode":false,"pivot":{"x":-5.370155334472656,"y":1.8710154294967652,"z":-4.13767147064209},"rotation":{"x":0.0008262678165920079,"y":0.9840344786643982,"z":-0.1784551739692688,"w":0.0031309619080275299},"size":1.2411389350891114,"orthographic":false}