{"cameraMode":{"drawMode":0,"name":"Shaded","section":"Shading Mode"},"sceneLighting":false,"audioPlay":false,"sceneViewState":{"m_AlwaysRefresh":false,"showFog":true,"showSkybox":false,"showFlares":true,"showImageEffects":true,"showParticleSystems":true,"showVisualEffectGraphs":true,"m_FxEnabled":true},"in2DMode":false,"pivot":{"x":-0.17933623492717744,"y":1.8981624841690064,"z":2.0107054710388185},"rotation":{"x":0.17548061907291413,"y":-0.010330665856599808,"z":0.0018730199662968517,"w":0.9844595789909363},"size":2.9970614910125734,"orthographic":false}