{"cameraMode":{"drawMode":0,"name":"Shaded","section":"Shading Mode"},"sceneLighting":false,"audioPlay":false,"sceneViewState":{"m_AlwaysRefresh":false,"showFog":true,"showSkybox":false,"showFlares":true,"showImageEffects":true,"showParticleSystems":true,"showVisualEffectGraphs":true,"m_FxEnabled":true},"in2DMode":false,"pivot":{"x":0.2529696524143219,"y":0.6973803639411926,"z":-0.5903720855712891},"rotation":{"x":0.02968422882258892,"y":-0.9209167957305908,"z":0.07140146195888519,"w":0.38209378719329836},"size":2.1543028354644777,"orthographic":false}