{"cameraMode":{"drawMode":0,"name":"Shaded","section":"Shading Mode"},"sceneLighting":false,"audioPlay":false,"sceneViewState":{"m_AlwaysRefresh":false,"showFog":true,"showSkybox":false,"showFlares":true,"showImageEffects":true,"showParticleSystems":true,"showVisualEffectGraphs":true,"m_FxEnabled":true},"in2DMode":false,"pivot":{"x":-0.17033062875270844,"y":0.32660844922065737,"z":0.11777687072753906},"rotation":{"x":0.12802696228027345,"y":0.019329993054270746,"z":-0.0025484561920166017,"w":0.9916104078292847},"size":0.8861547708511353,"orthographic":false}