{"cameraMode":{"drawMode":0,"name":"Shaded","section":"Shading Mode"},"sceneLighting":false,"audioPlay":false,"sceneViewState":{"m_AlwaysRefresh":false,"showFog":true,"showSkybox":false,"showFlares":true,"showImageEffects":true,"showParticleSystems":true,"showVisualEffectGraphs":true,"m_FxEnabled":true},"in2DMode":false,"pivot":{"x":-0.24439314007759095,"y":1.1817851066589356,"z":-0.03378686681389809},"rotation":{"x":0.04768499732017517,"y":-0.9138937592506409,"z":0.1124027818441391,"w":0.38723695278167727},"size":1.1264958381652833,"orthographic":false}