{"cameraMode":{"drawMode":0,"name":"Shaded","section":"Shading Mode"},"sceneLighting":false,"audioPlay":false,"sceneViewState":{"m_AlwaysRefresh":false,"showFog":true,"showSkybox":false,"showFlares":true,"showImageEffects":true,"showParticleSystems":true,"showVisualEffectGraphs":true,"m_FxEnabled":true},"in2DMode":false,"pivot":{"x":-1.41282320022583,"y":-0.12068427354097367,"z":-0.30355653166770937},"rotation":{"x":0.2029033601284027,"y":-0.0733707919716835,"z":0.015235327184200287,"w":0.9763523936271668},"size":2.2363297939300539,"orthographic":false}