{"cameraMode":{"drawMode":0,"name":"Shaded","section":"Shading Mode"},"sceneLighting":true,"audioPlay":false,"sceneViewState":{"m_AlwaysRefresh":false,"showFog":true,"showSkybox":false,"showFlares":true,"showImageEffects":true,"showParticleSystems":true,"showVisualEffectGraphs":true,"m_FxEnabled":true},"in2DMode":false,"pivot":{"x":0.08543896675109863,"y":2.3827452659606935,"z":0.3734903335571289},"rotation":{"x":-0.09139613062143326,"y":0.7100303173065186,"z":-0.09389196336269379,"w":-0.691971480846405},"size":4.912291049957275,"orthographic":false}