{"cameraMode":{"drawMode":0,"name":"Shaded","section":"Shading Mode"},"sceneLighting":false,"audioPlay":false,"sceneViewState":{"m_AlwaysRefresh":false,"showFog":true,"showSkybox":false,"showFlares":true,"showImageEffects":true,"showParticleSystems":true,"showVisualEffectGraphs":true,"m_FxEnabled":true},"in2DMode":false,"pivot":{"x":-0.7091400623321533,"y":2.1891984939575197,"z":0.4955618381500244},"rotation":{"x":0.18082019686698914,"y":-0.34566161036491396,"z":0.06800263375043869,"w":0.9182913899421692},"size":1.906558871269226,"orthographic":false}