{"cameraMode":{"drawMode":0,"name":"Shaded","section":"Shading Mode"},"sceneLighting":true,"audioPlay":false,"sceneViewState":{"m_AlwaysRefresh":false,"showFog":true,"showSkybox":true,"showFlares":true,"showImageEffects":true,"showParticleSystems":true,"showVisualEffectGraphs":true,"m_FxEnabled":true},"in2DMode":false,"pivot":{"x":27.40159034729004,"y":21.57810401916504,"z":-49.77132034301758},"rotation":{"x":0.37484124302864077,"y":-0.020575325936079027,"z":0.008309285156428814,"w":0.9268670678138733},"size":12.12435531616211,"orthographic":false}