{"cameraMode":{"drawMode":0,"name":"Shaded","section":"Shading Mode"},"sceneLighting":true,"audioPlay":false,"sceneViewState":{"m_AlwaysRefresh":false,"showFog":true,"showSkybox":true,"showFlares":true,"showImageEffects":true,"showParticleSystems":true,"showVisualEffectGraphs":true,"m_FxEnabled":true},"in2DMode":false,"pivot":{"x":5.654171943664551,"y":-23.62037467956543,"z":1.2636406421661378},"rotation":{"x":0.3155271112918854,"y":0.06967505812644959,"z":-0.023204859346151353,"w":0.9461042881011963},"size":24.37361717224121,"orthographic":false}